{
  "spec/decorators/user_decorator_spec.rb": 0.032789567999998326,
  "spec/requests/api/v1/passwords/create_spec.rb": 0.31939776199999415,
  "spec/acceptance/settings_spec.rb": 0.223452463000001,
  "spec/routing/registrations_routing_spec.rb": 0.00237620499999025,
  "spec/policies/application_policy_spec.rb": 0.01531713200000695,
  "spec/requests/api/v1/settings_spec.rb": 0.05516831400001365,
  "spec/requests/api/v1/sessions/destroy_spec.rb": 0.4201116289999902,
  "spec/requests/api/v1/users/update_spec.rb": 1.5058012519999977,
  "spec/acceptance/status_spec.rb": 0.011160832000030041,
  "spec/policies/user_policy_spec.rb": 0.026046673999985615,
  "spec/requests/api/v1/sessions/create_spec.rb": 0.6891399460000116,
  "spec/requests/api/v1/users/show_spec.rb": 0.85758072699997,
  "spec/policies/admin/application_policy_spec.rb": 0.026141673999973136,
  "spec/policies/admin/user_policy_spec.rb": 0.014543942000045718,
  "spec/acceptance/passwords_spec.rb": 0.7935429529999851,
  "spec/models/user_spec.rb": 0.1735028919999877,
  "spec/requests/api/v1/passwords/edit_spec.rb": 0.3719092559999808,
  "spec/policies/admin/admin_user_policy_spec.rb": 0.009863927999958833,
  "spec/mailers/application_mailer_spec.rb": 0.003389809999987392,
  "spec/acceptance/sessions_spec.rb": 0.6772021229999723,
  "spec/requests/api/v1/passwords/update_spec.rb": 0.5780295420000243,
  "spec/requests/api/v1/users/create_spec.rb": 0.6370705090000115,
  "spec/policies/admin/page_policy_spec.rb": 0.01881635400002324,
  "spec/acceptance/users_spec.rb": 0.683405141000037,
  "spec/routing/sessions_routing_spec.rb": 0.004100311999991391,
  "spec/requests/api/v1/feature_flags_spec.rb": 0.050331743000015194,
  "spec/routing/user_routing_spec.rb": 0.0038671109999768305,
  "spec/requests/api/v1/status_spec.rb": 0.018793453999990106,
  "spec/policies/admin_user_policy_spec.rb": 0.014804942000012034
}