{
  "spec/policies/admin/page_policy_spec.rb": 0.038240999972913414,
  "spec/routing/sessions_routing_spec.rb": 0.006703999999444932,
  "spec/requests/api/v1/users/create_spec.rb": 0.5093869999982417,
  "spec/acceptance/settings_spec.rb": 0.17437299998709932,
  "spec/acceptance/sessions_spec.rb": 0.5090029999846593,
  "spec/acceptance/status_spec.rb": 0.009465000010095537,
  "spec/requests/api/v1/sessions/destroy_spec.rb": 0.2923869999940507,
  "spec/policies/admin/user_policy_spec.rb": 0.020087999990209937,
  "spec/routing/registrations_routing_spec.rb": 0.001361000002361834,
  "spec/policies/admin/application_policy_spec.rb": 0.011096000031102449,
  "spec/policies/admin_user_policy_spec.rb": 0.009194999991450459,
  "spec/routing/user_routing_spec.rb": 0.0026309999520890415,
  "spec/requests/api/v1/passwords/update_spec.rb": 0.4883949999930337,
  "spec/requests/api/v1/feature_flags_spec.rb": 0.040616000012960285,
  "spec/requests/api/v1/settings_spec.rb": 0.0425929999910295,
  "spec/requests/api/v1/passwords/create_spec.rb": 0.15221400000154972,
  "spec/acceptance/users_spec.rb": 0.5729850000352599,
  "spec/policies/user_policy_spec.rb": 0.015309000038541853,
  "spec/requests/api/v1/users/update_spec.rb": 0.9842829999979585,
  "spec/requests/api/v1/status_spec.rb": 0.01666500000283122,
  "spec/policies/application_policy_spec.rb": 0.008917000028304756,
  "spec/policies/admin/admin_user_policy_spec.rb": 0.005394000036176294,
  "spec/requests/api/v1/sessions/create_spec.rb": 0.49404099996900186,
  "spec/decorators/user_decorator_spec.rb": 0.005971000005956739,
  "spec/requests/api/v1/passwords/edit_spec.rb": 0.08089700003620237,
  "spec/acceptance/passwords_spec.rb": 0.6197870000032708,
  "spec/models/user_spec.rb": 0.09392800001660362,
  "spec/mailers/application_mailer_spec.rb": 0.0020680000307038426,
  "spec/requests/api/v1/users/show_spec.rb": 0.5047900000354275
}
