{
  "spec/requests/api/v1/passwords/edit_spec.rb": 0.18011699999988195,
  "spec/requests/api/v1/sessions/destroy_spec.rb": 0.3005360000006476,
  "spec/acceptance/settings_spec.rb": 0.16657500000110304,
  "spec/routing/registrations_routing_spec.rb": 0.003090999998676125,
  "spec/requests/api/v1/users/update_spec.rb": 0.9995309999994788,
  "spec/policies/admin_user_policy_spec.rb": 0.01673800000025949,
  "spec/requests/api/v1/passwords/create_spec.rb": 0.14932799999951385,
  "spec/routing/sessions_routing_spec.rb": 0.0020789999998669373,
  "spec/routing/user_routing_spec.rb": 0.0018849999996746192,
  "spec/requests/api/v1/passwords/update_spec.rb": 0.44218199999886565,
  "spec/acceptance/sessions_spec.rb": 0.5352300000013201,
  "spec/requests/api/v1/status_spec.rb": 0.019486999999571708,
  "spec/policies/admin/application_policy_spec.rb": 0.009938999999576481,
  "spec/acceptance/passwords_spec.rb": 0.6204920000000129,
  "spec/policies/admin/user_policy_spec.rb": 0.009479000000283122,
  "spec/policies/application_policy_spec.rb": 0.008241999999881955,
  "spec/policies/user_policy_spec.rb": 0.015247999999701278,
  "spec/requests/api/v1/users/create_spec.rb": 0.4823369999994611,
  "spec/policies/admin/page_policy_spec.rb": 0.01077400000031048,
  "spec/acceptance/status_spec.rb": 0.009255000000848668,
  "spec/acceptance/users_spec.rb": 0.5125680000001012,
  "spec/decorators/user_decorator_spec.rb": 0.005363000000215834,
  "spec/models/user_spec.rb": 0.05257699999856413,
  "spec/requests/api/v1/sessions/create_spec.rb": 0.5477680000003602,
  "spec/requests/api/v1/users/show_spec.rb": 0.5338000000010652,
  "spec/mailers/application_mailer_spec.rb": 0.0028139999994891696,
  "spec/requests/api/v1/feature_flags_spec.rb": 0.04056499999933294,
  "spec/policies/admin/admin_user_policy_spec.rb": 0.004445000000487198,
  "spec/requests/api/v1/settings_spec.rb": 0.04358700000011595
}