{
  "spec/acceptance/status_spec.rb": 0.01525910399999475,
  "spec/requests/api/v1/passwords/edit_spec.rb": 0.4784477570000263,
  "spec/policies/admin_user_policy_spec.rb": 0.0266718809999702,
  "spec/requests/api/v1/users/show_spec.rb": 0.8680702419999875,
  "spec/policies/admin/user_policy_spec.rb": 0.017141818000027342,
  "spec/requests/api/v1/users/create_spec.rb": 0.6782069589999651,
  "spec/acceptance/settings_spec.rb": 0.2261287540000012,
  "spec/requests/api/v1/status_spec.rb": 0.01959373400001141,
  "spec/policies/admin/page_policy_spec.rb": 0.021792449999963992,
  "spec/requests/api/v1/feature_flags_spec.rb": 0.052367059000005156,
  "spec/requests/api/v1/users/update_spec.rb": 1.5069278519999898,
  "spec/requests/api/v1/settings_spec.rb": 0.05127695299995594,
  "spec/routing/sessions_routing_spec.rb": 0.013054090000025553,
  "spec/models/user_spec.rb": 0.09805627299999742,
  "spec/acceptance/sessions_spec.rb": 0.6754671400000234,
  "spec/policies/admin/application_policy_spec.rb": 0.0177311219999865,
  "spec/policies/application_policy_spec.rb": 0.015933810000035464,
  "spec/mailers/application_mailer_spec.rb": 0.003827126999965458,
  "spec/requests/api/v1/sessions/create_spec.rb": 0.6852052059999778,
  "spec/requests/api/v1/passwords/create_spec.rb": 0.1938679319999892,
  "spec/decorators/user_decorator_spec.rb": 0.010813773999984733,
  "spec/policies/admin/admin_user_policy_spec.rb": 0.00777135300000964,
  "spec/routing/registrations_routing_spec.rb": 0.002198614999997517,
  "spec/acceptance/users_spec.rb": 0.6899045399999864,
  "spec/requests/api/v1/sessions/destroy_spec.rb": 0.38483184400001846,
  "spec/lib/tasks/feature_flags_spec.rb": 0.08996571800003039,
  "spec/policies/user_policy_spec.rb": 0.1026876060000177,
  "spec/routing/user_routing_spec.rb": 0.014517999999952735,
  "spec/acceptance/passwords_spec.rb": 0.8565373839999779,
  "spec/requests/api/v1/passwords/update_spec.rb": 0.5829195040000172
}